"id","name","age","code","calling","gmail","qualifiaction","gender"
6,"b1",25,NULL,NULL,"no gmail",0,"0"
111,"swara",22,NULL,NULL,"no gmail",0,"0"
2,"Ronit",24,NULL,NULL,"no gmail",0,"0"
3,"Priya",22,NULL,NULL,"no gmail",0,"0"
4,"Amar",23,NULL,NULL,"no gmail",0,"0"
7," Caleb ",26,NULL,NULL,"no gmail",0,"0"
8," Daisy  ",26,NULL,NULL,"no gmail",0,"0"
9,"Ethan  ",26,NULL,NULL,"no gmail",0,"0"
10,"Fiona  ",21,NULL,NULL,"no gmail",0,"0"
11,"Gabriel  ",26,NULL,NULL,"no gmail",0,"0"
12," Hannah  ",25,NULL,NULL,"no gmail",0,"0"
13," Isaac  ",24,NULL,NULL,"no gmail",0,"0"
14," Julia  ",24,NULL,NULL,"no gmail",0,"0"
15,"Kevin",23,NULL,NULL,"no gmail",0,"0"
16," Lily  ",21,NULL,NULL,"no gmail",0,"0"
17," Mason  ",25,NULL,NULL,"no gmail",0,"0"
18," Nora  ",21,NULL,NULL,"no gmail",0,"0"
19,"Oliver  ",23,NULL,NULL,"no gmail",0,"0"
20," Penelope  ",20,NULL,NULL,"no gmail",0,"0"
21," Quentin  ",24,NULL,NULL,"no gmail",0,"0"
22," Rachel  ",20,NULL,NULL,"no gmail",0,"0"
23,"Samuel  ",21,NULL,NULL,"no gmail",0,"0"
24," Tessa  ",26,NULL,NULL,"no gmail",0,"0"
25," Ulysses  ",24,NULL,NULL,"no gmail",0,"0"
26,"Violet  ",24,NULL,NULL,"no gmail",0,"0"
27," William  ",26,NULL,NULL,"no gmail",0,"0"
28,"Xena  ",25,NULL,NULL,"no gmail",0,"0"
29," Yara  ",21,NULL,NULL,"no gmail",0,"0"
30,"Zachary  ",23,NULL,NULL,"no gmail",0,"0"
31,"Amelia  ",22,NULL,NULL,"no gmail",0,"0"
32," Benjamin  ",24,NULL,NULL,"no gmail",0,"0"
33," Chloe  ",20,NULL,NULL,"no gmail",0,"0"
34," Daniel  ",26,NULL,NULL,"no gmail",0,"0"
35," Emily  ",23,NULL,NULL,"no gmail",0,"0"
36,"Frank  ",26,NULL,NULL,"no gmail",0,"0"
37,"Grace  ",21,NULL,NULL,"no gmail",0,"0"
38,"Henry  ",20,NULL,NULL,"no gmail",0,"0"
39," Isla  ",25,NULL,NULL,"no gmail",0,"0"
40," Jack  ",24,NULL,NULL,"no gmail",0,"0"
41," Kira  ",23,NULL,NULL,"no gmail",0,"0"
42,"Leo  ",20,NULL,NULL,"no gmail",0,"0"
43,"Mia  ",24,NULL,NULL,"no gmail",0,"0"
44," Noah  ",23,NULL,NULL,"no gmail",0,"0"
45," Ophelia  ",21,NULL,NULL,"no gmail",0,"0"
46," Parker  ",25,NULL,NULL,"no gmail",0,"0"
47," Quinn  ",21,NULL,NULL,"no gmail",0,"0"
48," Ryan  ",20,NULL,NULL,"no gmail",0,"0"
49,"Sophia  ",23,NULL,NULL,"no gmail",0,"0"
50," Tyler  ",24,NULL,NULL,"no gmail",0,"0"
51,"Uma  ",25,NULL,NULL,"no gmail",0,"0"
52,"Victor  ",24,NULL,NULL,"no gmail",0,"0"
53,"Willow  ",24,NULL,NULL,"no gmail",0,"0"
54,"Xavier  ",22,NULL,NULL,"no gmail",0,"0"
55," Yasmine  ",24,NULL,NULL,"no gmail",0,"0"
56,"Zoe  ",20,NULL,NULL,"no gmail",0,"0"
57,"Alexander  ",22,NULL,NULL,"no gmail",0,"0"
58," Brooklyn  ",20,NULL,NULL,"no gmail",0,"0"
59,"Christopher  ",21,NULL,NULL,"no gmail",0,"0"
60,"Destiny  ",22,NULL,NULL,"no gmail",0,"0"
61," Elijah  ",23,NULL,NULL,"no gmail",0,"0"
62," Faith  ",20,NULL,NULL,"no gmail",0,"0"
63,"George  ",26,NULL,NULL,"no gmail",0,"0"
64," Harper  ",24,NULL,NULL,"no gmail",0,"0"
65,"Ian  ",22,NULL,NULL,"no gmail",0,"0"
66," Jasmine  ",25,NULL,NULL,"no gmail",0,"0"
67," Kyle  ",26,NULL,NULL,"no gmail",0,"0"
68," Laura  ",20,NULL,NULL,"no gmail",0,"0"
69,"Matthew  ",25,NULL,NULL,"no gmail",0,"0"
70,"Natalie  ",25,NULL,NULL,"no gmail",0,"0"
71,"Owen  ",26,NULL,NULL,"no gmail",0,"0"
72," Piper  ",24,NULL,NULL,"no gmail",0,"0"
73,"Quentin  ",26,NULL,NULL,"no gmail",0,"0"
74,"Riley  ",20,NULL,NULL,"no gmail",0,"0"
75," Sebastian  ",23,NULL,NULL,"no gmail",0,"0"
76," Tiffany  ",21,NULL,NULL,"no gmail",0,"0"
77," Ulrich  ",25,NULL,NULL,"no gmail",0,"0"
78," Vanessa  ",21,NULL,NULL,"no gmail",0,"0"
79," Wyatt  ",22,NULL,NULL,"no gmail",0,"0"
80," Xander  ",21,NULL,NULL,"no gmail",0,"0"
81," Yvette  ",20,NULL,NULL,"no gmail",0,"0"
82,"Zara  ",22,NULL,NULL,"no gmail",0,"0"
83," Adam  ",24,NULL,NULL,"no gmail",0,"0"
84," Brianna  ",24,NULL,NULL,"no gmail",0,"0"
85,"Charles  ",25,NULL,NULL,"no gmail",0,"0"
86,"Diana  ",25,NULL,NULL,"no gmail",0,"0"
87," Evan  ",26,NULL,NULL,"no gmail",0,"0"
88," Felicity  ",22,NULL,NULL,"no gmail",0,"0"
89,"Gavin  ",21,NULL,NULL,"no gmail",0,"0"
90," Hazel  ",20,NULL,NULL,"no gmail",0,"0"
91," Ivan  ",26,NULL,NULL,"no gmail",0,"0"
92," Jessica  ",23,NULL,NULL,"no gmail",0,"0"
93," Kaden  ",22,NULL,NULL,"no gmail",0,"0"
94,"Leah  ",25,NULL,NULL,"no gmail",0,"0"
95,"Mark  ",21,NULL,NULL,"no gmail",0,"0"
96,"Nicole  ",23,NULL,NULL,"no gmail",0,"0"
97," Oscar  ",20,NULL,NULL,"no gmail",0,"0"
98," Payton  ",23,NULL,NULL,"no gmail",0,"0"
99," Quinn  ",23,NULL,NULL,"no gmail",0,"0"
100," Reid  ",21,NULL,NULL,"no gmail",0,"0"
101," Stella  ",22,NULL,NULL,"no gmail",0,"0"
102," Thomas  ",23,NULL,NULL,"no gmail",0,"0"
103," Ursula  ",22,NULL,NULL,"no gmail",0,"0"
104," Victor ",21,NULL,NULL,"no gmail",0,"0"
105,"Alexander  ",23,NULL,NULL,"no gmail",0,"0"
106,"Bhaskar",25,NULL,NULL,"no gmail",0,"0"
107,"Arvind",20,NULL,NULL,"no gmail",0,"0"
108,"ashwin",24,NULL,NULL,"no gmail",0,"0"
109,"riya",25,NULL,NULL,"no gmail",0,"0"
110,"mahesh",20,NULL,NULL,"no gmail",0,"0"
112,"daksh",20,NULL,NULL,"no gmail",0,"0"
113,"darshil",20,NULL,NULL,"no gmail",0,"0"
114,"darshan",24,NULL,NULL,"no gmail",0,"0"
115,"dhruv",22,NULL,NULL,"no gmail",0,"0"
116,"ayush",26,NULL,NULL,"no gmail",0,"0"
117,"avinash",21,NULL,NULL,"no gmail",0,"0"
118,"charan",24,NULL,NULL,"no gmail",0,"0"
119,"gaurav",22,NULL,NULL,"no gmail",0,"0"
120,"gopal",22,NULL,NULL,"no gmail",0,"0"
121,"govind",24,NULL,NULL,"no gmail",0,"0"
122,"jaishaan",21,NULL,NULL,"no gmail",0,"0"
123,"ishaan",26,NULL,NULL,"no gmail",0,"0"
124,"harish",20,NULL,NULL,"no gmail",0,"0"
125,"jatin",23,NULL,NULL,"no gmail",0,"0"
126,"kamal",23,NULL,NULL,"no gmail",0,"0"
127,"komal",20,NULL,NULL,"no gmail",0,"0"
128,"kailash",22,NULL,NULL,"no gmail",0,"0"
129,"jeevan",24,NULL,NULL,"no gmail",0,"0"
130,"hemant",23,NULL,NULL,"no gmail",0,"0"
131,"harsh",21,NULL,NULL,"no gmail",0,"0"
132,"kishore",20,NULL,NULL,"no gmail",0,"0"
133,"revati",26,NULL,NULL,"no gmail",0,"0"
134,"pihu",21,NULL,NULL,"no gmail",0,"0"
135,"rudra",21,NULL,NULL,"no gmail",0,"0"
136,"lokesh",26,NULL,NULL,"no gmail",0,"0"
137,"sakshi",22,NULL,NULL,"no gmail",0,"0"
138,"sangita",26,NULL,NULL,"no gmail",0,"0"
139,"sejal",22,NULL,NULL,"no gmail",0,"0"
140,"meena",24,NULL,NULL,"no gmail",0,"0"
141,"tina",24,NULL,NULL,"no gmail",0,"0"
142,"banti",23,NULL,NULL,"no gmail",0,"0"
143,"tanu",21,NULL,NULL,"no gmail",0,"0"
144,"aanu",20,NULL,NULL,"no gmail",0,"0"
145,"sushma",26,NULL,NULL,"no gmail",0,"0"
146,"sunita",21,NULL,NULL,"no gmail",0,"0"
147,"kartik",21,NULL,NULL,"no gmail",0,"0"
148,"rita",25,NULL,NULL,"no gmail",0,"0"
149,"yogu",23,NULL,NULL,"no gmail",0,"0"
150,"monu",22,NULL,NULL,"no gmail",0,"0"
151,"sonu",24,NULL,NULL,"no gmail",0,"0"
152,"laxman",24,NULL,NULL,"no gmail",0,"0"
153,"lalit",22,NULL,NULL,"no gmail",0,"0"
154,"karan",25,NULL,NULL,"no gmail",0,"0"
155,"mohit",24,NULL,NULL,"no gmail",0,"0"
156,"om",21,NULL,NULL,"no gmail",0,"0"
157,"omkar",23,NULL,NULL,"no gmail",0,"0"
158,"abhi",24,NULL,NULL,"no gmail",0,"0"
159,"part",24,NULL,NULL,"no gmail",0,"0"
160,"bhushan",26,NULL,NULL,"no gmail",0,"0"
161,"nisha",24,NULL,NULL,"no gmail",0,"0"
162,"prem",25,NULL,NULL,"no gmail",0,"0"
163,"rakesh",23,NULL,NULL,"no gmail",0,"0"
164,"ravi",26,NULL,NULL,"no gmail",0,"0"
165,"sagar",22,NULL,NULL,"no gmail",0,"0"
166,"shaan",22,NULL,NULL,"no gmail",0,"0"
167,"saurabh",22,NULL,NULL,"no gmail",0,"0"
168,"sharad",20,NULL,NULL,"no gmail",0,"0"
169,"sudhir",25,NULL,NULL,"no gmail",0,"0"
170,"sujay",21,NULL,NULL,"no gmail",0,"0"
171,"somesh",20,NULL,NULL,"no gmail",0,"0"
1,"a1",24,NULL,NULL,"no gmail",0,"0"
172,"saras",21,NULL,NULL,"no gmail",0,"0"
173,"manas",26,NULL,NULL,"no gmail",0,"0"
174,"Arthur",22,NULL,NULL,"no gmail",0,"0"
175,"Max",23,NULL,NULL,"no gmail",0,"0"
176," Dylan",25,NULL,NULL,"no gmail",0,"0"
177," Elias",22,NULL,NULL,"no gmail",0,"0"
178," Luca",25,NULL,NULL,"no gmail",0,"0"
179," Lincoln",25,NULL,NULL,"no gmail",0,"0"
180," Leo",22,NULL,NULL,"no gmail",0,"0"
181,"Julian",26,NULL,NULL,"no gmail",0,"0"
182," Anthony",23,NULL,NULL,"no gmail",0,"0"
183," Jaxon",22,NULL,NULL,"no gmail",0,"0"
184," Joshua",25,NULL,NULL,"no gmail",0,"0"
185," Christopher",23,NULL,NULL,"no gmail",0,"0"
186," Andrew",25,NULL,NULL,"no gmail",0,"0"
187,"Grayson",21,NULL,NULL,"no gmail",0,"0"
188," Isaac",23,NULL,NULL,"no gmail",0,"0"
189," Jayden",25,NULL,NULL,"no gmail",0,"0"
190," Mateo",23,NULL,NULL,"no gmail",0,"0"
191," David",20,NULL,NULL,"no gmail",0,"0"
192," Levi",21,NULL,NULL,"no gmail",0,"0"
193,"Joseph",22,NULL,NULL,"no gmail",0,"0"
194," Santiago",22,NULL,NULL,"no gmail",0,"0"
195," John",25,NULL,NULL,"no gmail",0,"0"
196," Cameron",20,NULL,NULL,"no gmail",0,"0"
197,"Sebastian",22,NULL,NULL,"no gmail",0,"0"
198,"Thomas",22,NULL,NULL,"no gmail",0,"0"
199,"Charles",24,NULL,NULL,"no gmail",0,"0"
201," Ryan",20,NULL,NULL,"no gmail",0,"0"
202," Asher",22,NULL,NULL,"no gmail",0,"0"
203,"Nathan",22,NULL,NULL,"no gmail",0,"0"
204," Leo",26,NULL,NULL,"no gmail",0,"0"
205,"Adrian",20,NULL,NULL,"no gmail",0,"0"
206," Miles",21,NULL,NULL,"no gmail",0,"0"
207," Eli",26,NULL,NULL,"no gmail",0,"0"
208," Nolan",22,NULL,NULL,"no gmail",0,"0"
209,"Christian",26,NULL,NULL,"no gmail",0,"0"
210," Aaron",21,NULL,NULL,"no gmail",0,"0"
211,"Kevin",20,NULL,NULL,"no gmail",0,"0"
212,"Jordan",21,NULL,NULL,"no gmail",0,"0"
213," Ian",23,NULL,NULL,"no gmail",0,"0"
214," Carson",24,NULL,NULL,"no gmail",0,"0"
215,"Jace",20,NULL,NULL,"no gmail",0,"0"
216,"Cooper",26,NULL,NULL,"no gmail",0,"0"
217," Xavier",24,NULL,NULL,"no gmail",0,"0"
218," Parker",24,NULL,NULL,"no gmail",0,"0"
219,"Roman",24,NULL,NULL,"no gmail",0,"0"
220,"Brandon",24,NULL,NULL,"no gmail",0,"0"
221," Mateo",24,NULL,NULL,"no gmail",0,"0"
222,"maica",22,NULL,NULL,"no gmail",0,"0"
223," Santiago",20,NULL,NULL,"no gmail",0,"0"
224," Carson",21,NULL,NULL,"no gmail",0,"0"
225," Samuel",20,NULL,NULL,"no gmail",0,"0"
226," Colton",20,NULL,NULL,"no gmail",0,"0"
227," Cameron",26,NULL,NULL,"no gmail",0,"0"
228," Jason",23,NULL,NULL,"no gmail",0,"0"
229," Elias",22,NULL,NULL,"no gmail",0,"0"
230," Levi",24,NULL,NULL,"no gmail",0,"0"
231," Austin",22,NULL,NULL,"no gmail",0,"0"
232," Oliver",22,NULL,NULL,"no gmail",0,"0"
233," Aiden",25,NULL,NULL,"no gmail",0,"0"
234," Maverick",23,NULL,NULL,"no gmail",0,"0"
235," Jonathan",26,NULL,NULL,"no gmail",0,"0"
236," Jordan",25,NULL,NULL,"no gmail",0,"0"
237," Colton",21,NULL,NULL,"no gmail",0,"0"
238," Austin",20,NULL,NULL,"no gmail",0,"0"
239," Thomas",25,NULL,NULL,"no gmail",0,"0"
240," Weston",25,NULL,NULL,"no gmail",0,"0"
241,"Brayden",26,NULL,NULL,"no gmail",0,"0"
242," Declan",21,NULL,NULL,"no gmail",0,"0"
243," Evan",21,NULL,NULL,"no gmail",0,"0"
244," Jeremiah",24,NULL,NULL,"no gmail",0,"0"
245," Connor",20,NULL,NULL,"no gmail",0,"0"
246," Jameson",20,NULL,NULL,"no gmail",0,"0"
247," Robert",24,NULL,NULL,"no gmail",0,"0"
248," Roman",24,NULL,NULL,"no gmail",0,"0"
249,"Brandon",21,NULL,NULL,"no gmail",0,"0"
250," Julian",24,NULL,NULL,"no gmail",0,"0"
251,"Luca",21,NULL,NULL,"no gmail",0,"0"
252,"Christopher",20,NULL,NULL,"no gmail",0,"0"
253," Chase",22,NULL,NULL,"no gmail",0,"0"
254," Nolan",20,NULL,NULL,"no gmail",0,"0"
255,"lia",25,NULL,NULL,"no gmail",0,"0"
256," Sebastian",21,NULL,NULL,"no gmail",0,"0"
257,"Charles",26,NULL,NULL,"no gmail",0,"0"
258,"Easton",25,NULL,NULL,"no gmail",0,"0"
259,"Jaxon",21,NULL,NULL,"no gmail",0,"0"
260," Greyson",24,NULL,NULL,"no gmail",0,"0"
261," Josiah",24,NULL,NULL,"no gmail",0,"0"
262,"Joshua",25,NULL,NULL,"no gmail",0,"0"
263,"Ryan",22,NULL,NULL,"no gmail",0,"0"
264,"Ezekiel",25,NULL,NULL,"no gmail",0,"0"
265,"Nathan",26,NULL,NULL,"no gmail",0,"0"
266,"Samuel",22,NULL,NULL,"no gmail",0,"0"
267,"Anthony",22,NULL,NULL,"no gmail",0,"0"
268,"Caleb",23,NULL,NULL,"no gmail",0,"0"
269,"Isaac",22,NULL,NULL,"no gmail",0,"0"
270,"Eli",26,NULL,NULL,"no gmail",0,"0"
271," Landon",26,NULL,NULL,"no gmail",0,"0"
272," Cameron",21,NULL,NULL,"no gmail",0,"0"
273," Christian",26,NULL,NULL,"no gmail",0,"0"
274," Ian",23,NULL,NULL,"no gmail",0,"0"
275," Connor",25,NULL,NULL,"no gmail",0,"0"
276," Ezekiel",23,NULL,NULL,"no gmail",0,"0"
277,"robert",22,NULL,NULL,"no gmail",0,"0"
278," Angel",25,NULL,NULL,"no gmail",0,"0"
279," Robert",24,NULL,NULL,"no gmail",0,"0"
280," Greyson",26,NULL,NULL,"no gmail",0,"0"
281," Jordan",22,NULL,NULL,"no gmail",0,"0"
282," Ian",20,NULL,NULL,"no gmail",0,"0"
283,"Adam",21,NULL,NULL,"no gmail",0,"0"
284,"Asher",20,NULL,NULL,"no gmail",0,"0"
285," Mason",25,NULL,NULL,"no gmail",0,"0"
286,"Sebastian",20,NULL,NULL,"no gmail",0,"0"
287,"John",20,NULL,NULL,"no gmail",0,"0"
288,"Jayden",21,NULL,NULL,"no gmail",0,"0"
289,"Levi",23,NULL,NULL,"no gmail",0,"0"
290," Mateo",20,NULL,NULL,"no gmail",0,"0"
291," David",21,NULL,NULL,"no gmail",0,"0"
292," Wyatt",21,NULL,NULL,"no gmail",0,"0"
293," Wesley",24,NULL,NULL,"no gmail",0,"0"
294," Jayden",24,NULL,NULL,"no gmail",0,"0"
295," Santiago",26,NULL,NULL,"no gmail",0,"0"
296,"Jameson",25,NULL,NULL,"no gmail",0,"0"
297," Robert",20,NULL,NULL,"no gmail",0,"0"
298," Rowan",22,NULL,NULL,"no gmail",0,"0"
299," Weston",21,NULL,NULL,"no gmail",0,"0"
300,"Thomas",24,NULL,NULL,"no gmail",0,"0"
301,"Caleb",26,NULL,NULL,"no gmail",0,"0"
302,"Isaac",26,NULL,NULL,"no gmail",0,"0"
303,"Aiden  ",23,NULL,NULL,"no gmail",0,"0"
304,"alia",26,NULL,NULL,"no gmail",0,"0"
305," Caleb ",21,NULL,NULL,"no gmail",0,"0"
306," Daisy  ",25,NULL,NULL,"no gmail",0,"0"
307,"Ethan  ",23,NULL,NULL,"no gmail",0,"0"
308,"Fiona  ",25,NULL,NULL,"no gmail",0,"0"
309,"Gabriel  ",26,NULL,NULL,"no gmail",0,"0"
310," Hannah  ",21,NULL,NULL,"no gmail",0,"0"
311," Aaron",25,NULL,NULL,"no gmail",0,"0"
312,"Kevin",21,NULL,NULL,"no gmail",0,"0"
313,"Jordan",22,NULL,NULL,"no gmail",0,"0"
314," Ian",26,NULL,NULL,"no gmail",0,"0"
315," Carson",20,NULL,NULL,"no gmail",0,"0"
316,"Jace",20,NULL,NULL,"no gmail",0,"0"
317,"Cooper",21,NULL,NULL,"no gmail",0,"0"
318," Xavier",26,NULL,NULL,"no gmail",0,"0"
319," Parker",21,NULL,NULL,"no gmail",0,"0"
320,"Roman",25,NULL,NULL,"no gmail",0,"0"
321,"Brandon",26,NULL,NULL,"no gmail",0,"0"
322," Mateo",26,NULL,NULL,"no gmail",0,"0"
323,"maica",20,NULL,NULL,"no gmail",0,"0"
324," Santiago",22,NULL,NULL,"no gmail",0,"0"
325," Carson",26,NULL,NULL,"no gmail",0,"0"
326," Samuel",23,NULL,NULL,"no gmail",0,"0"
327," Colton",24,NULL,NULL,"no gmail",0,"0"
328," Stella  ",23,NULL,NULL,"no gmail",0,"0"
329," Thomas  ",26,NULL,NULL,"no gmail",0,"0"
330," Ursula  ",26,NULL,NULL,"no gmail",0,"0"
331," Victor ",26,NULL,NULL,"no gmail",0,"0"
332,"Alexander  ",23,NULL,NULL,"no gmail",0,"0"
333,"Bhaskar",25,NULL,NULL,"no gmail",0,"0"
334,"Arvind",26,NULL,NULL,"no gmail",0,"0"
335,"ashwin",24,NULL,NULL,"no gmail",0,"0"
336,"riya",23,NULL,NULL,"no gmail",0,"0"
337,"mahesh",23,NULL,NULL,"no gmail",0,"0"
338,"megha",24,NULL,NULL,"no gmail",0,"0"
339,"daksh",26,NULL,NULL,"no gmail",0,"0"
340,"darshil",24,NULL,NULL,"no gmail",0,"0"
341,"darshan",22,NULL,NULL,"no gmail",0,"0"
342,"dhruv",24,NULL,NULL,"no gmail",0,"0"
343,"ayush",26,NULL,NULL,"no gmail",0,"0"
344,"avinash",20,NULL,NULL,"no gmail",0,"0"
345,"charan",20,NULL,NULL,"no gmail",0,"0"
346,"gaurav",20,NULL,NULL,"no gmail",0,"0"
347,"gopal",23,NULL,NULL,"no gmail",0,"0"
348,"govind",20,NULL,NULL,"no gmail",0,"0"
349,"jaishaan",23,NULL,NULL,"no gmail",0,"0"
350,"Ronit",21,NULL,NULL,"no gmail",0,"0"
351,"Priya",22,NULL,NULL,"no gmail",0,"0"
352,"Amar",25,NULL,NULL,"no gmail",0,"0"
353,"Aiden  ",25,NULL,NULL,"no gmail",0,"0"
354,"alia",23,NULL,NULL,"no gmail",0,"0"
355," Caleb ",24,NULL,NULL,"no gmail",0,"0"
356," Daisy  ",22,NULL,NULL,"no gmail",0,"0"
357,"Ethan  ",26,NULL,NULL,"no gmail",0,"0"
358,"Fiona  ",21,NULL,NULL,"no gmail",0,"0"
359,"Gabriel  ",26,NULL,NULL,"no gmail",0,"0"
360," Hannah  ",24,NULL,NULL,"no gmail",0,"0"
361," Isaac  ",22,NULL,NULL,"no gmail",0,"0"
362," Julia  ",21,NULL,NULL,"no gmail",0,"0"
363,"Kevin",25,NULL,NULL,"no gmail",0,"0"
364," Lily  ",24,NULL,NULL,"no gmail",0,"0"
365," Mason  ",25,NULL,NULL,"no gmail",0,"0"
366," Nora  ",21,NULL,NULL,"no gmail",0,"0"
367,"Oliver  ",20,NULL,NULL,"no gmail",0,"0"
368," Penelope  ",20,NULL,NULL,"no gmail",0,"0"
369," Quentin  ",24,NULL,NULL,"no gmail",0,"0"
370," Rachel  ",25,NULL,NULL,"no gmail",0,"0"
371,"Samuel  ",20,NULL,NULL,"no gmail",0,"0"
372," Tessa  ",21,NULL,NULL,"no gmail",0,"0"
373,"ramesh",20,NULL,NULL,"no gmail",0,"0"
374,"dilip",25,NULL,NULL,"no gmail",0,"0"
375,"anurag",24,NULL,NULL,"no gmail",0,"0"
376,"swaraas",25,NULL,NULL,"no gmail",0,"0"
377,"kareena",26,NULL,NULL,"no gmail",0,"0"
378,"karishma",25,NULL,NULL,"no gmail",0,"0"
379,"malika",22,NULL,NULL,"no gmail",0,"0"
380,"payal",23,NULL,NULL,"no gmail",0,"0"
381,"kiran",22,NULL,NULL,"no gmail",0,"0"
382,"ratan",24,NULL,NULL,"no gmail",0,"0"
383,"ratna",24,NULL,NULL,"no gmail",0,"0"
384,"aish",22,NULL,NULL,"no gmail",0,"0"
385,"tanaya",26,NULL,NULL,"no gmail",0,"0"
386,"vedanti",21,NULL,NULL,"no gmail",0,"0"
387,"tisha",23,NULL,NULL,"no gmail",0,"0"
388,"sweety",21,NULL,NULL,"no gmail",0,"0"
389,"carel",24,NULL,NULL,"no gmail",0,"0"
390,"maria",22,NULL,NULL,"no gmail",0,"0"
391,"shiffa",23,NULL,NULL,"no gmail",0,"0"
392,"nozia",22,NULL,NULL,"no gmail",0,"0"
393," Mateo",22,NULL,NULL,"no gmail",0,"0"
394,"maica",22,NULL,NULL,"no gmail",0,"0"
395," Santiago",24,NULL,NULL,"no gmail",0,"0"
396," Carson",20,NULL,NULL,"no gmail",0,"0"
397," Samuel",26,NULL,NULL,"no gmail",0,"0"
398," Colton",21,NULL,NULL,"no gmail",0,"0"
399," Cameron",26,NULL,NULL,"no gmail",0,"0"
400," Jason",22,NULL,NULL,"no gmail",0,"0"
401," Elias",22,NULL,NULL,"no gmail",0,"0"
402," Levi",21,NULL,NULL,"no gmail",0,"0"
403," Austin",20,NULL,NULL,"no gmail",0,"0"
404," Oliver",21,NULL,NULL,"no gmail",0,"0"
405," Aiden",26,NULL,NULL,"no gmail",0,"0"
406," Maverick",23,NULL,NULL,"no gmail",0,"0"
407," Jonathan",20,NULL,NULL,"no gmail",0,"0"
408," Jordan",20,NULL,NULL,"no gmail",0,"0"
409," Colton",21,NULL,NULL,"no gmail",0,"0"
410," Austin",26,NULL,NULL,"no gmail",0,"0"
411," Thomas",22,NULL,NULL,"no gmail",0,"0"
412," Weston",22,NULL,NULL,"no gmail",0,"0"
413,"Brayden",24,NULL,NULL,"no gmail",0,"0"
414," Declan",24,NULL,NULL,"no gmail",0,"0"
415," Evan",24,NULL,NULL,"no gmail",0,"0"
416,"govind",20,NULL,NULL,"no gmail",0,"0"
417,"jaishaan",20,NULL,NULL,"no gmail",0,"0"
418,"ishaan",23,NULL,NULL,"no gmail",0,"0"
419,"harish",25,NULL,NULL,"no gmail",0,"0"
420,"jatin",23,NULL,NULL,"no gmail",0,"0"
421,"kamal",20,NULL,NULL,"no gmail",0,"0"
422,"komal",23,NULL,NULL,"no gmail",0,"0"
423,"kailash",23,NULL,NULL,"no gmail",0,"0"
424,"jeevan",23,NULL,NULL,"no gmail",0,"0"
425,"hemant",21,NULL,NULL,"no gmail",0,"0"
426,"harsh",26,NULL,NULL,"no gmail",0,"0"
427,"kishore",20,NULL,NULL,"no gmail",0,"0"
428,"revati",20,NULL,NULL,"no gmail",0,"0"
429,"pihu",26,NULL,NULL,"no gmail",0,"0"
430,"rudra",22,NULL,NULL,"no gmail",0,"0"
431,"lokesh",23,NULL,NULL,"no gmail",0,"0"
432,"sakshi",20,NULL,NULL,"no gmail",0,"0"
433,"sangita",25,NULL,NULL,"no gmail",0,"0"
434,"sejal",22,NULL,NULL,"no gmail",0,"0"
435,"meena",26,NULL,NULL,"no gmail",0,"0"
436,"tina",25,NULL,NULL,"no gmail",0,"0"
437,"banti",21,NULL,NULL,"no gmail",0,"0"
438,"sunita",22,NULL,NULL,"no gmail",0,"0"
439,"kartik",26,NULL,NULL,"no gmail",0,"0"
440,"rita",24,NULL,NULL,"no gmail",0,"0"
441,"yogu",20,NULL,NULL,"no gmail",0,"0"
442,"monu",26,NULL,NULL,"no gmail",0,"0"
443,"sonu",20,NULL,NULL,"no gmail",0,"0"
444,"laxman",22,NULL,NULL,"no gmail",0,"0"
445,"lalit",21,NULL,NULL,"no gmail",0,"0"
446,"karan",23,NULL,NULL,"no gmail",0,"0"
447,"mohit",22,NULL,NULL,"no gmail",0,"0"
448,"om",22,NULL,NULL,"no gmail",0,"0"
449,"omkar",26,NULL,NULL,"no gmail",0,"0"
450,"abhi",24,NULL,NULL,"no gmail",0,"0"
451,"part",21,NULL,NULL,"no gmail",0,"0"
452,"bhushan",24,NULL,NULL,"no gmail",0,"0"
453,"nisha",20,NULL,NULL,"no gmail",0,"0"
454,"prem",20,NULL,NULL,"no gmail",0,"0"
455,"rakesh",20,NULL,NULL,"no gmail",0,"0"
456,"ravi",24,NULL,NULL,"no gmail",0,"0"
457,"sagar",26,NULL,NULL,"no gmail",0,"0"
458,"shaan",22,NULL,NULL,"no gmail",0,"0"
459,"saurabh",26,NULL,NULL,"no gmail",0,"0"
460,"sharad",23,NULL,NULL,"no gmail",0,"0"
461,"sudhir",20,NULL,NULL,"no gmail",0,"0"
462,"sujay",21,NULL,NULL,"no gmail",0,"0"
463,"somesh",23,NULL,NULL,"no gmail",0,"0"
464,"saras",20,NULL,NULL,"no gmail",0,"0"
465,"manas",20,NULL,NULL,"no gmail",0,"0"
466,"Arthur",23,NULL,NULL,"no gmail",0,"0"
467,"Max",24,NULL,NULL,"no gmail",0,"0"
468," Dylan",21,NULL,NULL,"no gmail",0,"0"
469," Elias",24,NULL,NULL,"no gmail",0,"0"
470," Luca",26,NULL,NULL,"no gmail",0,"0"
471," Lincoln",23,NULL,NULL,"no gmail",0,"0"
472," Leo",20,NULL,NULL,"no gmail",0,"0"
473,"Julian",26,NULL,NULL,"no gmail",0,"0"
474," Anthony",20,NULL,NULL,"no gmail",0,"0"
475," Jaxon",25,NULL,NULL,"no gmail",0,"0"
476," Joshua",25,NULL,NULL,"no gmail",0,"0"
477," Christopher",25,NULL,NULL,"no gmail",0,"0"
478," Andrew",22,NULL,NULL,"no gmail",0,"0"
479,"Grayson",23,NULL,NULL,"no gmail",0,"0"
480," Isaac",26,NULL,NULL,"no gmail",0,"0"
481," Jayden",20,NULL,NULL,"no gmail",0,"0"
482," Mateo",23,NULL,NULL,"no gmail",0,"0"
483," David",25,NULL,NULL,"no gmail",0,"0"
484," Levi",26,NULL,NULL,"no gmail",0,"0"
485,"Joseph",25,NULL,NULL,"no gmail",0,"0"
486," Santiago",21,NULL,NULL,"no gmail",0,"0"
487," John",23,NULL,NULL,"no gmail",0,"0"
488," Cameron",26,NULL,NULL,"no gmail",0,"0"
489,"Sebastian",22,NULL,NULL,"no gmail",0,"0"
490,"Thomas",22,NULL,NULL,"no gmail",0,"0"
491,"Charles",24,NULL,NULL,"no gmail",0,"0"
492,"Caleb",20,NULL,NULL,"no gmail",0,"0"
493," Ryan",22,NULL,NULL,"no gmail",0,"0"
494," Asher",24,NULL,NULL,"no gmail",0,"0"
495,"Nathan",21,NULL,NULL,"no gmail",0,"0"
496," Leo",24,NULL,NULL,"no gmail",0,"0"
497,"Adrian",26,NULL,NULL,"no gmail",0,"0"
498," Samuel",20,NULL,NULL,"no gmail",0,"0"
499," Colton",24,NULL,NULL,"no gmail",0,"0"
500," Stella  ",25,NULL,NULL,"no gmail",0,"0"
501," Thomas  ",25,NULL,NULL,"no gmail",0,"0"
502," Ursula  ",26,NULL,NULL,"no gmail",0,"0"
503," Victor ",21,NULL,NULL,"no gmail",0,"0"
504,"Alexander  ",21,NULL,NULL,"no gmail",0,"0"
505,"Bhaskar",22,NULL,NULL,"no gmail",0,"0"
506,"Arvind",25,NULL,NULL,"no gmail",0,"0"
507,"ashwin",24,NULL,NULL,"no gmail",0,"0"
508,"riya",24,NULL,NULL,"no gmail",0,"0"
509,"mahesh",20,NULL,NULL,"no gmail",0,"0"
510,"megha",22,NULL,NULL,"no gmail",0,"0"
511,"daksh",24,NULL,NULL,"no gmail",0,"0"
512,"darshil",25,NULL,NULL,"no gmail",0,"0"
513,"darshan",25,NULL,NULL,"no gmail",0,"0"
514,"dhruv",23,NULL,NULL,"no gmail",0,"0"
515,"ayush",20,NULL,NULL,"no gmail",0,"0"
516,"avinash",24,NULL,NULL,"no gmail",0,"0"
517,"charan",24,NULL,NULL,"no gmail",0,"0"
518,"Gabriel  ",26,NULL,NULL,"no gmail",0,"0"
519," Hannah  ",21,NULL,NULL,"no gmail",0,"0"
520," Aaron",23,NULL,NULL,"no gmail",0,"0"
521,"Kevin",25,NULL,NULL,"no gmail",0,"0"
522,"Jordan",20,NULL,NULL,"no gmail",0,"0"
523," Ian",26,NULL,NULL,"no gmail",0,"0"
524," Carson",22,NULL,NULL,"no gmail",0,"0"
525,"Jace",22,NULL,NULL,"no gmail",0,"0"
526,"Cooper",20,NULL,NULL,"no gmail",0,"0"
527," Xavier",20,NULL,NULL,"no gmail",0,"0"
528," Parker",24,NULL,NULL,"no gmail",0,"0"
529,"Roman",23,NULL,NULL,"no gmail",0,"0"
530,"Brandon",20,NULL,NULL,"no gmail",0,"0"
531," Mateo",21,NULL,NULL,"no gmail",0,"0"
532,"maica",25,NULL,NULL,"no gmail",0,"0"
533," Santiago",26,NULL,NULL,"no gmail",0,"0"
534," Carson",21,NULL,NULL,"no gmail",0,"0"
535,"karan",22,NULL,NULL,"no gmail",0,"0"
536,"varun",22,NULL,NULL,"no gmail",0,"0"
537,"sanya",23,NULL,NULL,"no gmail",0,"0"
538,"ahmed",21,NULL,NULL,"no gmail",0,"0"
539,"faisal",22,NULL,NULL,"no gmail",0,"0"
540,"imran",23,NULL,NULL,"no gmail",0,"0"
541,"rehan",23,NULL,NULL,"no gmail",0,"0"
542,"zakir",22,NULL,NULL,"no gmail",0,"0"
543,"ayesha",25,NULL,NULL,"no gmail",0,"0"
544,"fatima",20,NULL,NULL,"no gmail",0,"0"
545,"sana",25,NULL,NULL,"no gmail",0,"0"
546,"sonakshi",23,NULL,NULL,"no gmail",0,"0"
547,"noor",21,NULL,NULL,"no gmail",0,"0"
548,"harpreet",20,NULL,NULL,"no gmail",0,"0"
549,"gurpreet",26,NULL,NULL,"no gmail",0,"0"
550,"satnam",23,NULL,NULL,"no gmail",0,"0"
551,"harleen",20,NULL,NULL,"no gmail",0,"0"
552,"jasleen",24,NULL,NULL,"no gmail",0,"0"
553,"simran",20,NULL,NULL,"no gmail",0,"0"
554,"amrita",21,NULL,NULL,"no gmail",0,"0"
555,"john",26,NULL,NULL,"no gmail",0,"0"
556,"michael",20,NULL,NULL,"no gmail",0,"0"
557,"samuel",24,NULL,NULL,"no gmail",0,"0"
558,"mary",21,NULL,NULL,"no gmail",0,"0"
559,"anna",23,NULL,NULL,"no gmail",0,"0"
560,"grace",26,NULL,NULL,"no gmail",0,"0"
561," Ryan",20,NULL,NULL,"no gmail",0,"0"
562," Asher",22,NULL,NULL,"no gmail",0,"0"
563,"Nathan",23,NULL,NULL,"no gmail",0,"0"
564," Leo",25,NULL,NULL,"no gmail",0,"0"
565,"Adrian",26,NULL,NULL,"no gmail",0,"0"
566," Samuel",26,NULL,NULL,"no gmail",0,"0"
567," Colton",22,NULL,NULL,"no gmail",0,"0"
568," Stella  ",20,NULL,NULL,"no gmail",0,"0"
569," Thomas  ",23,NULL,NULL,"no gmail",0,"0"
570," Ursula  ",23,NULL,NULL,"no gmail",0,"0"
571," Victor ",24,NULL,NULL,"no gmail",0,"0"
572,"Alexander  ",22,NULL,NULL,"no gmail",0,"0"
573,"Bhaskar",20,NULL,NULL,"no gmail",0,"0"
574,"Arvind",23,NULL,NULL,"no gmail",0,"0"
575,"ashwin",22,NULL,NULL,"no gmail",0,"0"
576,"Ethan  ",25,NULL,NULL,"no gmail",0,"0"
577,"Fiona  ",23,NULL,NULL,"no gmail",0,"0"
578,"Gabriel  ",26,NULL,NULL,"no gmail",0,"0"
579," Hannah  ",22,NULL,NULL,"no gmail",0,"0"
580," Isaac  ",21,NULL,NULL,"no gmail",0,"0"
581," Julia  ",21,NULL,NULL,"no gmail",0,"0"
582,"Kevin",24,NULL,NULL,"no gmail",0,"0"
583," Lily  ",21,NULL,NULL,"no gmail",0,"0"
584," Mason  ",22,NULL,NULL,"no gmail",0,"0"
585," Nora  ",21,NULL,NULL,"no gmail",0,"0"
586,"Oliver  ",23,NULL,NULL,"no gmail",0,"0"
587," Penelope  ",25,NULL,NULL,"no gmail",0,"0"
588," Quentin  ",23,NULL,NULL,"no gmail",0,"0"
589," Rachel  ",22,NULL,NULL,"no gmail",0,"0"
590,"Samuel  ",20,NULL,NULL,"no gmail",0,"0"
591," Tessa  ",26,NULL,NULL,"no gmail",0,"0"
592," Ulysses  ",26,NULL,NULL,"no gmail",0,"0"
593,"Violet  ",26,NULL,NULL,"no gmail",0,"0"
594," William  ",24,NULL,NULL,"no gmail",0,"0"
595,"Xena  ",23,NULL,NULL,"no gmail",0,"0"
596," Yara  ",24,NULL,NULL,"no gmail",0,"0"
597,"Zachary  ",23,NULL,NULL,"no gmail",0,"0"
598,"Amelia  ",24,NULL,NULL,"no gmail",0,"0"
599," Benjamin  ",23,NULL,NULL,"no gmail",0,"0"
600," Chloe  ",21,NULL,NULL,"no gmail",0,"0"
601," Daniel  ",26,NULL,NULL,"no gmail",0,"0"
602," Emily  ",23,NULL,NULL,"no gmail",0,"0"
603,"Frank  ",23,NULL,NULL,"no gmail",0,"0"
604,"Grace  ",22,NULL,NULL,"no gmail",0,"0"
605,"Henry  ",22,NULL,NULL,"no gmail",0,"0"
606," Isla  ",24,NULL,NULL,"no gmail",0,"0"
607," Jack  ",21,NULL,NULL,"no gmail",0,"0"
608," Kira  ",22,NULL,NULL,"no gmail",0,"0"
609,"Leo  ",21,NULL,NULL,"no gmail",0,"0"
610,"Mia  ",24,NULL,NULL,"no gmail",0,"0"
611," Noah  ",25,NULL,NULL,"no gmail",0,"0"
612," Ophelia  ",24,NULL,NULL,"no gmail",0,"0"
613," Parker  ",24,NULL,NULL,"no gmail",0,"0"
614," Quinn  ",22,NULL,NULL,"no gmail",0,"0"
615," Ryan  ",21,NULL,NULL,"no gmail",0,"0"
616,"Sophia  ",22,NULL,NULL,"no gmail",0,"0"
617," Tyler  ",20,NULL,NULL,"no gmail",0,"0"
618,"Uma  ",22,NULL,NULL,"no gmail",0,"0"
619,"Victor  ",20,NULL,NULL,"no gmail",0,"0"
620,"Willow  ",26,NULL,NULL,"no gmail",0,"0"
621,"Xavier  ",22,NULL,NULL,"no gmail",0,"0"
622," Yasmine  ",21,NULL,NULL,"no gmail",0,"0"
623,"Zoe  ",24,NULL,NULL,"no gmail",0,"0"
624,"Alexander  ",26,NULL,NULL,"no gmail",0,"0"
625," Brooklyn  ",25,NULL,NULL,"no gmail",0,"0"
626,"Christopher  ",24,NULL,NULL,"no gmail",0,"0"
627,"Destiny  ",26,NULL,NULL,"no gmail",0,"0"
628," Elijah  ",25,NULL,NULL,"no gmail",0,"0"
629," Faith  ",24,NULL,NULL,"no gmail",0,"0"
630,"George  ",25,NULL,NULL,"no gmail",0,"0"
631," Harper  ",25,NULL,NULL,"no gmail",0,"0"
632,"Ian  ",24,NULL,NULL,"no gmail",0,"0"
633," Jasmine  ",21,NULL,NULL,"no gmail",0,"0"
634," Kyle  ",24,NULL,NULL,"no gmail",0,"0"
635," Laura  ",20,NULL,NULL,"no gmail",0,"0"
636,"Matthew  ",24,NULL,NULL,"no gmail",0,"0"
637,"Natalie  ",20,NULL,NULL,"no gmail",0,"0"
638,"Owen  ",24,NULL,NULL,"no gmail",0,"0"
639," Piper  ",24,NULL,NULL,"no gmail",0,"0"
640,"Quentin  ",22,NULL,NULL,"no gmail",0,"0"
641,"Riley  ",22,NULL,NULL,"no gmail",0,"0"
642," Sebastian  ",21,NULL,NULL,"no gmail",0,"0"
643," Tiffany  ",26,NULL,NULL,"no gmail",0,"0"
644," Ulrich  ",23,NULL,NULL,"no gmail",0,"0"
645," Vanessa  ",25,NULL,NULL,"no gmail",0,"0"
646," Wyatt  ",23,NULL,NULL,"no gmail",0,"0"
647," Xander  ",21,NULL,NULL,"no gmail",0,"0"
648," Yvette  ",24,NULL,NULL,"no gmail",0,"0"
649,"Zara  ",24,NULL,NULL,"no gmail",0,"0"
650," Adam  ",26,NULL,NULL,"no gmail",0,"0"
651," Brianna  ",20,NULL,NULL,"no gmail",0,"0"
652,"Charles  ",22,NULL,NULL,"no gmail",0,"0"
653,"Diana  ",21,NULL,NULL,"no gmail",0,"0"
654," Evan  ",20,NULL,NULL,"no gmail",0,"0"
655," Felicity  ",26,NULL,NULL,"no gmail",0,"0"
656,"Gavin  ",24,NULL,NULL,"no gmail",0,"0"
657," Hazel  ",20,NULL,NULL,"no gmail",0,"0"
658," Ivan  ",20,NULL,NULL,"no gmail",0,"0"
659," Jessica  ",23,NULL,NULL,"no gmail",0,"0"
660," Kaden  ",26,NULL,NULL,"no gmail",0,"0"
661,"Leah  ",25,NULL,NULL,"no gmail",0,"0"
662,"Mark  ",20,NULL,NULL,"no gmail",0,"0"
663,"Nicole  ",24,NULL,NULL,"no gmail",0,"0"
664," Oscar  ",25,NULL,NULL,"no gmail",0,"0"
665," Payton  ",22,NULL,NULL,"no gmail",0,"0"
666," Quinn  ",23,NULL,NULL,"no gmail",0,"0"
667," Reid  ",22,NULL,NULL,"no gmail",0,"0"
668," Stella  ",24,NULL,NULL,"no gmail",0,"0"
669," Thomas  ",23,NULL,NULL,"no gmail",0,"0"
670," Ursula  ",23,NULL,NULL,"no gmail",0,"0"
671," Victor ",26,NULL,NULL,"no gmail",0,"0"
672,"Alexander  ",22,NULL,NULL,"no gmail",0,"0"
673,"Bhaskar",21,NULL,NULL,"no gmail",0,"0"
674,"Arvind",20,NULL,NULL,"no gmail",0,"0"
675,"ashwin",24,NULL,NULL,"no gmail",0,"0"
676,"riya",24,NULL,NULL,"no gmail",0,"0"
677,"mahesh",26,NULL,NULL,"no gmail",0,"0"
678,"megha",26,NULL,NULL,"no gmail",0,"0"
679,"daksh",20,NULL,NULL,"no gmail",0,"0"
680,"darshil",21,NULL,NULL,"no gmail",0,"0"
681,"darshan",23,NULL,NULL,"no gmail",0,"0"
682,"dhruv",25,NULL,NULL,"no gmail",0,"0"
683,"ayush",22,NULL,NULL,"no gmail",0,"0"
684,"avinash",25,NULL,NULL,"no gmail",0,"0"
685,"charan",22,NULL,NULL,"no gmail",0,"0"
686,"gaurav",26,NULL,NULL,"no gmail",0,"0"
687,"gopal",24,NULL,NULL,"no gmail",0,"0"
688,"govind",21,NULL,NULL,"no gmail",0,"0"
689,"jaishaan",23,NULL,NULL,"no gmail",0,"0"
690,"ishaan",20,NULL,NULL,"no gmail",0,"0"
691,"harish",26,NULL,NULL,"no gmail",0,"0"
692,"jatin",20,NULL,NULL,"no gmail",0,"0"
693,"kamal",25,NULL,NULL,"no gmail",0,"0"
694,"komal",21,NULL,NULL,"no gmail",0,"0"
695,"kailash",23,NULL,NULL,"no gmail",0,"0"
696,"jeevan",26,NULL,NULL,"no gmail",0,"0"
697,"hemant",21,NULL,NULL,"no gmail",0,"0"
698,"harsh",20,NULL,NULL,"no gmail",0,"0"
699,"kishore",20,NULL,NULL,"no gmail",0,"0"
700,"revati",24,NULL,NULL,"no gmail",0,"0"
701,"pihu",24,NULL,NULL,"no gmail",0,"0"
702,"rudra",21,NULL,NULL,"no gmail",0,"0"
703,"lokesh",24,NULL,NULL,"no gmail",0,"0"
704,"sakshi",26,NULL,NULL,"no gmail",0,"0"
705,"sangita",22,NULL,NULL,"no gmail",0,"0"
706,"sejal",20,NULL,NULL,"no gmail",0,"0"
707,"meena",20,NULL,NULL,"no gmail",0,"0"
708,"tina",21,NULL,NULL,"no gmail",0,"0"
709,"banti",24,NULL,NULL,"no gmail",0,"0"
710,"tanu",24,NULL,NULL,"no gmail",0,"0"
711,"aanu",23,NULL,NULL,"no gmail",0,"0"
712,"sushma",22,NULL,NULL,"no gmail",0,"0"
713,"sunita",26,NULL,NULL,"no gmail",0,"0"
714,"kartik",21,NULL,NULL,"no gmail",0,"0"
715,"rita",20,NULL,NULL,"no gmail",0,"0"
716,"yogu",21,NULL,NULL,"no gmail",0,"0"
717,"monu",25,NULL,NULL,"no gmail",0,"0"
718,"sonu",24,NULL,NULL,"no gmail",0,"0"
719,"laxman",25,NULL,NULL,"no gmail",0,"0"
720,"lalit",26,NULL,NULL,"no gmail",0,"0"
721,"karan",23,NULL,NULL,"no gmail",0,"0"
722,"mohit",21,NULL,NULL,"no gmail",0,"0"
723,"om",26,NULL,NULL,"no gmail",0,"0"
724,"omkar",23,NULL,NULL,"no gmail",0,"0"
725,"abhi",26,NULL,NULL,"no gmail",0,"0"
726,"part",22,NULL,NULL,"no gmail",0,"0"
727,"bhushan",24,NULL,NULL,"no gmail",0,"0"
728,"nisha",22,NULL,NULL,"no gmail",0,"0"
729,"prem",21,NULL,NULL,"no gmail",0,"0"
730,"rakesh",23,NULL,NULL,"no gmail",0,"0"
731,"ravi",22,NULL,NULL,"no gmail",0,"0"
732,"sagar",21,NULL,NULL,"no gmail",0,"0"
733,"shaan",25,NULL,NULL,"no gmail",0,"0"
734,"saurabh",23,NULL,NULL,"no gmail",0,"0"
735,"sharad",24,NULL,NULL,"no gmail",0,"0"
736,"sudhir",20,NULL,NULL,"no gmail",0,"0"
737,"sujay",23,NULL,NULL,"no gmail",0,"0"
738,"somesh",25,NULL,NULL,"no gmail",0,"0"
739,"saras",26,NULL,NULL,"no gmail",0,"0"
740,"manas",22,NULL,NULL,"no gmail",0,"0"
741,"Arthur",20,NULL,NULL,"no gmail",0,"0"
742,"Max",25,NULL,NULL,"no gmail",0,"0"
743," Dylan",20,NULL,NULL,"no gmail",0,"0"
744," Elias",25,NULL,NULL,"no gmail",0,"0"
745," Luca",24,NULL,NULL,"no gmail",0,"0"
746," Lincoln",21,NULL,NULL,"no gmail",0,"0"
747," Leo",26,NULL,NULL,"no gmail",0,"0"
748,"Julian",26,NULL,NULL,"no gmail",0,"0"
749," Anthony",25,NULL,NULL,"no gmail",0,"0"
750," Jaxon",25,NULL,NULL,"no gmail",0,"0"
751," Joshua",23,NULL,NULL,"no gmail",0,"0"
752," Christopher",26,NULL,NULL,"no gmail",0,"0"
753," Andrew",24,NULL,NULL,"no gmail",0,"0"
754,"Grayson",24,NULL,NULL,"no gmail",0,"0"
755," Isaac",20,NULL,NULL,"no gmail",0,"0"
756," Jayden",24,NULL,NULL,"no gmail",0,"0"
757," Mateo",23,NULL,NULL,"no gmail",0,"0"
758," David",25,NULL,NULL,"no gmail",0,"0"
759," Levi",26,NULL,NULL,"no gmail",0,"0"
760,"Joseph",22,NULL,NULL,"no gmail",0,"0"
761," Santiago",22,NULL,NULL,"no gmail",0,"0"
762," John",20,NULL,NULL,"no gmail",0,"0"
763," Cameron",21,NULL,NULL,"no gmail",0,"0"
764,"Sebastian",22,NULL,NULL,"no gmail",0,"0"
765,"Thomas",20,NULL,NULL,"no gmail",0,"0"
766,"Charles",26,NULL,NULL,"no gmail",0,"0"
767,"Caleb",22,NULL,NULL,"no gmail",0,"0"
768," Ryan",23,NULL,NULL,"no gmail",0,"0"
769," Asher",22,NULL,NULL,"no gmail",0,"0"
770,"Nathan",21,NULL,NULL,"no gmail",0,"0"
771," Leo",21,NULL,NULL,"no gmail",0,"0"
772,"Adrian",24,NULL,NULL,"no gmail",0,"0"
773," Miles",26,NULL,NULL,"no gmail",0,"0"
774," Eli",20,NULL,NULL,"no gmail",0,"0"
775," Nolan",20,NULL,NULL,"no gmail",0,"0"
776,"Christian",23,NULL,NULL,"no gmail",0,"0"
777," Aaron",24,NULL,NULL,"no gmail",0,"0"
778,"Kevin",25,NULL,NULL,"no gmail",0,"0"
779,"Jordan",25,NULL,NULL,"no gmail",0,"0"
780," Ian",22,NULL,NULL,"no gmail",0,"0"
781," Carson",26,NULL,NULL,"no gmail",0,"0"
782,"Jace",23,NULL,NULL,"no gmail",0,"0"
783,"Cooper",23,NULL,NULL,"no gmail",0,"0"
784," Xavier",20,NULL,NULL,"no gmail",0,"0"
785," Parker",20,NULL,NULL,"no gmail",0,"0"
786,"Roman",24,NULL,NULL,"no gmail",0,"0"
787,"Brandon",23,NULL,NULL,"no gmail",0,"0"
788," Mateo",26,NULL,NULL,"no gmail",0,"0"
789,"maica",21,NULL,NULL,"no gmail",0,"0"
790," Santiago",25,NULL,NULL,"no gmail",0,"0"
791," Carson",24,NULL,NULL,"no gmail",0,"0"
792," Samuel",26,NULL,NULL,"no gmail",0,"0"
793," Colton",21,NULL,NULL,"no gmail",0,"0"
794," Cameron",23,NULL,NULL,"no gmail",0,"0"
795," Jason",22,NULL,NULL,"no gmail",0,"0"
796," Elias",23,NULL,NULL,"no gmail",0,"0"
797," Levi",24,NULL,NULL,"no gmail",0,"0"
798," Austin",24,NULL,NULL,"no gmail",0,"0"
799," Oliver",22,NULL,NULL,"no gmail",0,"0"
800," Aiden",23,NULL,NULL,"no gmail",0,"0"
801," Maverick",23,NULL,NULL,"no gmail",0,"0"
802," Jonathan",24,NULL,NULL,"no gmail",0,"0"
803," Jordan",23,NULL,NULL,"no gmail",0,"0"
804," Colton",24,NULL,NULL,"no gmail",0,"0"
805," Austin",23,NULL,NULL,"no gmail",0,"0"
806," Thomas",25,NULL,NULL,"no gmail",0,"0"
807," Weston",20,NULL,NULL,"no gmail",0,"0"
808,"Brayden",25,NULL,NULL,"no gmail",0,"0"
809," Declan",20,NULL,NULL,"no gmail",0,"0"
810," Evan",25,NULL,NULL,"no gmail",0,"0"
811," Jeremiah",21,NULL,NULL,"no gmail",0,"0"
812," Connor",21,NULL,NULL,"no gmail",0,"0"
813," Jameson",20,NULL,NULL,"no gmail",0,"0"
814," Robert",24,NULL,NULL,"no gmail",0,"0"
815," Roman",24,NULL,NULL,"no gmail",0,"0"
816,"Brandon",20,NULL,NULL,"no gmail",0,"0"
817," Julian",24,NULL,NULL,"no gmail",0,"0"
818,"Luca",22,NULL,NULL,"no gmail",0,"0"
819,"Christopher",21,NULL,NULL,"no gmail",0,"0"
820," Chase",24,NULL,NULL,"no gmail",0,"0"
821," Nolan",23,NULL,NULL,"no gmail",0,"0"
822,"lia",21,NULL,NULL,"no gmail",0,"0"
823," Sebastian",26,NULL,NULL,"no gmail",0,"0"
824,"Charles",24,NULL,NULL,"no gmail",0,"0"
825,"Easton",21,NULL,NULL,"no gmail",0,"0"
826,"Jaxon",25,NULL,NULL,"no gmail",0,"0"
827," Greyson",23,NULL,NULL,"no gmail",0,"0"
828," Josiah",26,NULL,NULL,"no gmail",0,"0"
829,"Joshua",20,NULL,NULL,"no gmail",0,"0"
830,"Ryan",25,NULL,NULL,"no gmail",0,"0"
831,"Ezekiel",20,NULL,NULL,"no gmail",0,"0"
832,"Nathan",26,NULL,NULL,"no gmail",0,"0"
833,"Samuel",20,NULL,NULL,"no gmail",0,"0"
834,"Anthony",25,NULL,NULL,"no gmail",0,"0"
835,"Caleb",26,NULL,NULL,"no gmail",0,"0"
836,"Isaac",21,NULL,NULL,"no gmail",0,"0"
837,"Eli",24,NULL,NULL,"no gmail",0,"0"
838," Landon",23,NULL,NULL,"no gmail",0,"0"
839," Cameron",24,NULL,NULL,"no gmail",0,"0"
840," Christian",21,NULL,NULL,"no gmail",0,"0"
841," Ian",23,NULL,NULL,"no gmail",0,"0"
842," Connor",22,NULL,NULL,"no gmail",0,"0"
843," Ezekiel",22,NULL,NULL,"no gmail",0,"0"
844,"robert",26,NULL,NULL,"no gmail",0,"0"
845," Angel",22,NULL,NULL,"no gmail",0,"0"
846," Robert",26,NULL,NULL,"no gmail",0,"0"
847," Greyson",20,NULL,NULL,"no gmail",0,"0"
848," Jordan",20,NULL,NULL,"no gmail",0,"0"
849," Ian",22,NULL,NULL,"no gmail",0,"0"
850,"Adam",26,NULL,NULL,"no gmail",0,"0"
851,"Asher",26,NULL,NULL,"no gmail",0,"0"
852," Mason",21,NULL,NULL,"no gmail",0,"0"
853,"Sebastian",20,NULL,NULL,"no gmail",0,"0"
854,"John",21,NULL,NULL,"no gmail",0,"0"
855,"Jayden",24,NULL,NULL,"no gmail",0,"0"
856,"Levi",20,NULL,NULL,"no gmail",0,"0"
857," Mateo",25,NULL,NULL,"no gmail",0,"0"
858," David",20,NULL,NULL,"no gmail",0,"0"
859," Wyatt",24,NULL,NULL,"no gmail",0,"0"
860," Wesley",25,NULL,NULL,"no gmail",0,"0"
861," Jayden",24,NULL,NULL,"no gmail",0,"0"
862," Santiago",25,NULL,NULL,"no gmail",0,"0"
863,"Jameson",20,NULL,NULL,"no gmail",0,"0"
864," Robert",26,NULL,NULL,"no gmail",0,"0"
865," Rowan",23,NULL,NULL,"no gmail",0,"0"
866," Weston",21,NULL,NULL,"no gmail",0,"0"
867,"Thomas",23,NULL,NULL,"no gmail",0,"0"
868,"Caleb",20,NULL,NULL,"no gmail",0,"0"
869,"Isaac",24,NULL,NULL,"no gmail",0,"0"
870,"Aiden  ",21,NULL,NULL,"no gmail",0,"0"
871,"alia",22,NULL,NULL,"no gmail",0,"0"
872," Caleb ",22,NULL,NULL,"no gmail",0,"0"
873," Daisy  ",20,NULL,NULL,"no gmail",0,"0"
874,"Ethan  ",21,NULL,NULL,"no gmail",0,"0"
875,"Fiona  ",23,NULL,NULL,"no gmail",0,"0"
876,"Gabriel  ",25,NULL,NULL,"no gmail",0,"0"
877," Hannah  ",23,NULL,NULL,"no gmail",0,"0"
878," Aaron",25,NULL,NULL,"no gmail",0,"0"
879,"Kevin",22,NULL,NULL,"no gmail",0,"0"
880,"Jordan",24,NULL,NULL,"no gmail",0,"0"
881," Ian",24,NULL,NULL,"no gmail",0,"0"
882," Carson",20,NULL,NULL,"no gmail",0,"0"
883,"Jace",22,NULL,NULL,"no gmail",0,"0"
884,"Cooper",21,NULL,NULL,"no gmail",0,"0"
885," Xavier",20,NULL,NULL,"no gmail",0,"0"
886," Parker",26,NULL,NULL,"no gmail",0,"0"
887,"Roman",24,NULL,NULL,"no gmail",0,"0"
888,"Brandon",25,NULL,NULL,"no gmail",0,"0"
889," Mateo",25,NULL,NULL,"no gmail",0,"0"
890,"maica",22,NULL,NULL,"no gmail",0,"0"
891," Santiago",24,NULL,NULL,"no gmail",0,"0"
892," Carson",25,NULL,NULL,"no gmail",0,"0"
893," Samuel",20,NULL,NULL,"no gmail",0,"0"
894," Colton",26,NULL,NULL,"no gmail",0,"0"
895," Stella  ",24,NULL,NULL,"no gmail",0,"0"
896," Thomas  ",25,NULL,NULL,"no gmail",0,"0"
897," Ursula  ",26,NULL,NULL,"no gmail",0,"0"
898," Victor ",25,NULL,NULL,"no gmail",0,"0"
899,"Alexander  ",20,NULL,NULL,"no gmail",0,"0"
900,"Bhaskar",21,NULL,NULL,"no gmail",0,"0"
901,"Arvind",21,NULL,NULL,"no gmail",0,"0"
902,"ashwin",21,NULL,NULL,"no gmail",0,"0"
903,"riya",21,NULL,NULL,"no gmail",0,"0"
904,"mahesh",23,NULL,NULL,"no gmail",0,"0"
905,"megha",20,NULL,NULL,"no gmail",0,"0"
906,"daksh",24,NULL,NULL,"no gmail",0,"0"
907,"darshil",23,NULL,NULL,"no gmail",0,"0"
908,"darshan",26,NULL,NULL,"no gmail",0,"0"
909,"dhruv",21,NULL,NULL,"no gmail",0,"0"
910,"ayush",23,NULL,NULL,"no gmail",0,"0"
911,"avinash",20,NULL,NULL,"no gmail",0,"0"
912,"charan",24,NULL,NULL,"no gmail",0,"0"
913,"gaurav",26,NULL,NULL,"no gmail",0,"0"
914,"gopal",25,NULL,NULL,"no gmail",0,"0"
915,"govind",20,NULL,NULL,"no gmail",0,"0"
916,"jaishaan",26,NULL,NULL,"no gmail",0,"0"
917,"Ronit",23,NULL,NULL,"no gmail",0,"0"
918,"Priya",24,NULL,NULL,"no gmail",0,"0"
919,"Amar",25,NULL,NULL,"no gmail",0,"0"
920,"Aiden  ",23,NULL,NULL,"no gmail",0,"0"
921,"alia",24,NULL,NULL,"no gmail",0,"0"
922," Caleb ",26,NULL,NULL,"no gmail",0,"0"
923," Daisy  ",21,NULL,NULL,"no gmail",0,"0"
924,"Ethan  ",24,NULL,NULL,"no gmail",0,"0"
925,"Fiona  ",24,NULL,NULL,"no gmail",0,"0"
926,"Gabriel  ",20,NULL,NULL,"no gmail",0,"0"
927," Hannah  ",20,NULL,NULL,"no gmail",0,"0"
928," Isaac  ",25,NULL,NULL,"no gmail",0,"0"
929," Julia  ",22,NULL,NULL,"no gmail",0,"0"
930,"Kevin",20,NULL,NULL,"no gmail",0,"0"
931," Lily  ",23,NULL,NULL,"no gmail",0,"0"
932," Mason  ",23,NULL,NULL,"no gmail",0,"0"
933," Nora  ",22,NULL,NULL,"no gmail",0,"0"
934,"Oliver  ",23,NULL,NULL,"no gmail",0,"0"
935," Penelope  ",24,NULL,NULL,"no gmail",0,"0"
936," Quentin  ",23,NULL,NULL,"no gmail",0,"0"
937," Rachel  ",26,NULL,NULL,"no gmail",0,"0"
938,"Samuel  ",25,NULL,NULL,"no gmail",0,"0"
939," Tessa  ",23,NULL,NULL,"no gmail",0,"0"
940,"ramesh",24,NULL,NULL,"no gmail",0,"0"
941,"dilip",22,NULL,NULL,"no gmail",0,"0"
942,"anurag",21,NULL,NULL,"no gmail",0,"0"
943,"swaraas",20,NULL,NULL,"no gmail",0,"0"
944,"kareena",21,NULL,NULL,"no gmail",0,"0"
945,"karishma",20,NULL,NULL,"no gmail",0,"0"
946,"malika",22,NULL,NULL,"no gmail",0,"0"
947,"payal",22,NULL,NULL,"no gmail",0,"0"
948,"kiran",24,NULL,NULL,"no gmail",0,"0"
949,"ratan",20,NULL,NULL,"no gmail",0,"0"
950,"ratna",25,NULL,NULL,"no gmail",0,"0"
951,"aish",21,NULL,NULL,"no gmail",0,"0"
952,"tanaya",26,NULL,NULL,"no gmail",0,"0"
953,"vedanti",26,NULL,NULL,"no gmail",0,"0"
954,"tisha",26,NULL,NULL,"no gmail",0,"0"
955,"sweety",21,NULL,NULL,"no gmail",0,"0"
956,"carel",23,NULL,NULL,"no gmail",0,"0"
957,"maria",23,NULL,NULL,"no gmail",0,"0"
958,"shiffa",26,NULL,NULL,"no gmail",0,"0"
959,"nozia",22,NULL,NULL,"no gmail",0,"0"
960," Mateo",23,NULL,NULL,"no gmail",0,"0"
961,"maica",26,NULL,NULL,"no gmail",0,"0"
962," Santiago",21,NULL,NULL,"no gmail",0,"0"
963," Carson",23,NULL,NULL,"no gmail",0,"0"
964," Xander  ",21,NULL,NULL,"no gmail",0,"0"
965," Yvette  ",26,NULL,NULL,"no gmail",0,"0"
966,"Zara  ",26,NULL,NULL,"no gmail",0,"0"
967," Adam  ",25,NULL,NULL,"no gmail",0,"0"
968," Brianna  ",26,NULL,NULL,"no gmail",0,"0"
969,"Charles  ",24,NULL,NULL,"no gmail",0,"0"
970,"Diana  ",25,NULL,NULL,"no gmail",0,"0"
971," Evan  ",25,NULL,NULL,"no gmail",0,"0"
972," Felicity  ",23,NULL,NULL,"no gmail",0,"0"
973,"Gavin  ",26,NULL,NULL,"no gmail",0,"0"
974," Hazel  ",25,NULL,NULL,"no gmail",0,"0"
975," Ivan  ",26,NULL,NULL,"no gmail",0,"0"
976," Jessica  ",22,NULL,NULL,"no gmail",0,"0"
977," Kaden  ",22,NULL,NULL,"no gmail",0,"0"
978,"Leah  ",20,NULL,NULL,"no gmail",0,"0"
979,"Mark  ",24,NULL,NULL,"no gmail",0,"0"
980,"Nicole  ",25,NULL,NULL,"no gmail",0,"0"
981," Oscar  ",26,NULL,NULL,"no gmail",0,"0"
982," Payton  ",23,NULL,NULL,"no gmail",0,"0"
983," Quinn  ",21,NULL,NULL,"no gmail",0,"0"
984," Reid  ",20,NULL,NULL,"no gmail",0,"0"
985," Stella  ",21,NULL,NULL,"no gmail",0,"0"
986," Thomas  ",20,NULL,NULL,"no gmail",0,"0"
987," Ursula  ",24,NULL,NULL,"no gmail",0,"0"
988," Victor ",26,NULL,NULL,"no gmail",0,"0"
989,"Alexander  ",24,NULL,NULL,"no gmail",0,"0"
990,"Bhaskar",20,NULL,NULL,"no gmail",0,"0"
991,"Arvind",22,NULL,NULL,"no gmail",0,"0"
992,"ashwin",23,NULL,NULL,"no gmail",0,"0"
993,"riya",20,NULL,NULL,"no gmail",0,"0"
994,"mahesh",21,NULL,NULL,"no gmail",0,"0"
995,"megha",21,NULL,NULL,"no gmail",0,"0"
996,"daksh",25,NULL,NULL,"no gmail",0,"0"
997,"darshil",22,NULL,NULL,"no gmail",0,"0"
998,"darshan",21,NULL,NULL,"no gmail",0,"0"
999,"dhruv",21,NULL,NULL,"no gmail",0,"0"
1000,"ayush",22,NULL,NULL,"no gmail",0,"0"
5,"check",22,NULL,NULL,"no gmail",0,"0"
